<?xml version = '1.0' encoding = 'UTF-8'?>
<Entity class="oracle.dbtools.crest.model.design.logical.Entity" directorySegmentName="seg_0" id="A26730B3-FBCB-D41F-F73D-A6ED5F4866CB" name="T_SPV_ITEM_NF">
<createdBy>aluno</createdBy>
<createdTime>2019-02-28 00:44:00 UTC</createdTime>
<ownerDesignName>NOTA_FISCAL</ownerDesignName>
<engineerTo>
<item key="0FBC7304-2980-D073-5779-047234A646DE" value="true"/>
</engineerTo>
<adequatelyNormalized>NO</adequatelyNormalized>
<expectedVolumes>0</expectedVolumes>
<fwdEngineeringStrategyName>Single Table</fwdEngineeringStrategyName>
<growthPercent>0</growthPercent>
<growthType>Year</growthType>
<maxVolumes>9999999</maxVolumes>
<minVolumes>0</minVolumes>
<normalForm>Third</normalForm>
<attributes itemClass="oracle.dbtools.crest.model.design.logical.Attribute">
<Attribute name="cd_item_nf" id="9036A4A9-4C6F-6FCB-38D0-54FCFDF18FD0">
<createdBy>aluno</createdBy>
<createdTime>2019-02-28 00:44:13 UTC</createdTime>
<ownerDesignName>NOTA_FISCAL</ownerDesignName>
<engineerTo>
<item key="0FBC7304-2980-D073-5779-047234A646DE" value="true"/>
</engineerTo>
<use>0</use>
<ownDataTypeParameters>,,</ownDataTypeParameters>
</Attribute>
<Attribute name="qt_comercializado" id="36580502-B9CD-78BB-74EE-805084FBB971">
<createdBy>aluno</createdBy>
<createdTime>2019-02-28 00:44:23 UTC</createdTime>
<ownerDesignName>NOTA_FISCAL</ownerDesignName>
<engineerTo>
<item key="0FBC7304-2980-D073-5779-047234A646DE" value="true"/>
</engineerTo>
<use>0</use>
<ownDataTypeParameters>,,</ownDataTypeParameters>
</Attribute>
<Attribute name="vl_preco_unitario" id="5DD8CDA2-5E39-A0E1-3C9D-235F2DD1F2A0">
<createdBy>aluno</createdBy>
<createdTime>2019-02-28 00:44:30 UTC</createdTime>
<ownerDesignName>NOTA_FISCAL</ownerDesignName>
<engineerTo>
<item key="0FBC7304-2980-D073-5779-047234A646DE" value="true"/>
</engineerTo>
<use>0</use>
<ownDataTypeParameters>,,</ownDataTypeParameters>
</Attribute>
<Attribute name="vl_total_item" id="935F84BE-FCF0-7985-12E9-B58EABD37FC5">
<createdBy>aluno</createdBy>
<createdTime>2019-02-28 00:44:38 UTC</createdTime>
<ownerDesignName>NOTA_FISCAL</ownerDesignName>
<engineerTo>
<item key="0FBC7304-2980-D073-5779-047234A646DE" value="true"/>
</engineerTo>
<use>0</use>
<ownDataTypeParameters>,,</ownDataTypeParameters>
</Attribute>
</attributes>
<identifiers itemClass="oracle.dbtools.crest.model.design.logical.CandidateKey">
<identifier id="C7F9A284-1CD4-22ED-84C9-6D15C543C3D6" name="T_SPV_ITEM_NF PK">
<createdBy>aluno</createdBy>
<createdTime>2019-02-28 00:44:18 UTC</createdTime>
<ownerDesignName>NOTA_FISCAL</ownerDesignName>
<engineerTo>
<item key="0FBC7304-2980-D073-5779-047234A646DE" value="true"/>
</engineerTo>
<pk>true</pk>
<usedAttributes>
<attributeRef>9036A4A9-4C6F-6FCB-38D0-54FCFDF18FD0</attributeRef>
</usedAttributes>
</identifier>
</identifiers>
</Entity>